{"cameraMode":{"drawMode":0,"name":"Shaded","section":"Shading Mode"},"sceneLighting":true,"audioPlay":false,"sceneViewState":{"m_AlwaysRefresh":false,"showFog":true,"showSkybox":true,"showFlares":true,"showImageEffects":true,"showParticleSystems":true,"showVisualEffectGraphs":true,"m_FxEnabled":true},"in2DMode":false,"pivot":{"x":26.661724090576173,"y":12.474006652832032,"z":4.140926361083984},"rotation":{"x":0.1583307534456253,"y":-0.0014815086033195258,"z":0.00023750179389026016,"w":0.9873851537704468},"size":25.495098114013673,"orthographic":false}