{"cameraMode":{"drawMode":0,"name":"Shaded","section":"Shading Mode"},"sceneLighting":true,"audioPlay":false,"sceneViewState":{"m_AlwaysRefresh":false,"showFog":true,"showSkybox":true,"showFlares":true,"showImageEffects":true,"showParticleSystems":true,"showVisualEffectGraphs":true,"m_FxEnabled":true},"in2DMode":false,"pivot":{"x":5.278788089752197,"y":10.503852844238282,"z":-28.612478256225587},"rotation":{"x":0.02840270847082138,"y":0.08087806403636933,"z":-0.0023056797217577698,"w":0.9963160157203674},"size":2.0596559047698976,"orthographic":false}